page,name,link,thumbnail,rating,date,snippet,images,local_guide,label_sentimen
1,Nindyo Yuwono,https://www.google.com/maps/contrib/115691444252893282707?hl=id,https://lh3.googleusercontent.com/a/ACg8ocKNMVqFVvhLo8SheFA6g9ptFBhOG0nIArsxEzWvct27ff8q7as=s120-c-rp-mo-ba3-br100,4.0,9 bulan lalu,"Kampus para mahasiswa teknik menimba ilmu tapi fakultas tekniknya  bukan cuma jurusan elektro aja ya tapi memang fokus utamanya lebih banyak untuk mendukung usaha kelistrikan PLN dgn motto ""masa depan bidang energi itu jelas kelistrikan dan pilarnya adalah IT PLN"" kata pak Darmawan Prasojo, dirut PLN","['https://lh5.googleusercontent.com/p/AF1QipMnETBIVVsoY1aKgfKP74P4fVWLmGXBj-AQniCf=w150-h150-k-no-p', 'https://lh5.googleusercontent.com/p/AF1QipNNDe-M2naZi7QsLO4ZCuLNSX2154UCgPzpuxg4=w150-h150-k-no-p']",True,positif
1,Muhammad Fanani Hafifudin,https://www.google.com/maps/contrib/116569555615553359034?hl=id,https://lh3.googleusercontent.com/a-/ALV-UjVwDsWtQl9WRnZubPvC59VRUgnzN4fX_XaiOudx0O3_EH_aqkeVhQ=s120-c-rp-mo-br100,2.0,4 bulan lalu,"Untuk sekarang kampus udah bagus, banyak fasilitas yang sudah memadai. Alangkah baiknya dengan majunya fasilitas ini diimbangi dengan kinerja para staf dan dosen yang bekerja disini. Agar antara mahasiswa dan staf bisa memberikan pelayanan yang terbaik. Terutama staf fakultas yang jutek dan kadang menyepelekan kebutuhan mahasiswa. Hal ini sangat menganggu saya diwaktu saya mengurus administrasi baik untuk sidang maupun wisuda. Tolong lebih di upgrade lagi lah pelayanannya, kasian kampus dah bagus bagus tapi kalau pelayanannya kureng buat apa. Kurangi pungli pungli yang di dalam kampus sihh, sayang banget kalau sekelas kampus IT PLN di dalemnya masih ada yang nyuruh beli ini itu demi nilai bagus nanti di anjungannya. Untuk dosen sudah bagus, namun masih banyak oknum‚Äù yang mencoreng nama bagus dosen. Ada yang gak pernah masuk dan juga ada yang tiba tiba masuk waktu UAS nyruh beli buku, kalau gak beli gk dpt nili bagus üòÇ. Semoga apresiasi dan kritik ini menjadi bahan pertimbangan staf dan dosen dikampus ini meningkat.",[],False,negatif
1,Hafizh Hilman Asyhari,https://www.google.com/maps/contrib/107470099032803643946?hl=id,https://lh3.googleusercontent.com/a-/ALV-UjUA69W-TcNMWuhNiU_hBY9DSJoCYFVmFO8HSX9ovIlhAiTTmcZP=s120-c-rp-mo-br100,5.0,4 bulan lalu,"Sangat cocok untuk abis SMA belajar teknik kelistrikan, setiap Fakultas tuh ya punya banyak laboratorium yg modern sesuai perkembangan teknologi modern.",[],True,positif
1,The Scrivener's Presenter Global,https://www.google.com/maps/contrib/114068479765775086109?hl=id,https://lh3.googleusercontent.com/a/ACg8ocJzWUP_Q4L9GtLy-v75iclmFL5NCKCFpI2tWtMk4g-jODV4UQ=s120-c-rp-mo-br100,5.0,10 bulan lalu,"Ruang kelas bagus. Ada fasilitas yg mumpuni

Juga ada jurusan baru jadi lebih banyak dan lengkap kayak
S1 Teknik Lingkungan
S1. Geografi
S1. Teknik Sistem Energi
S1. Rekayasa Keamanan Siber
S1. Kendaraan Listrik

S2. Teknik Sipil
S2 Ilmu Komputer
S2 Teknik Mesin",['https://lh5.googleusercontent.com/p/AF1QipO36OqGXR4juTQfpSs7C9Fzt9Rf6foE_hqnDdIZ=w150-h150-k-no-p'],True,positif
1,MUHAMMAD RIZKY,https://www.google.com/maps/contrib/102853846019092200213?hl=id,https://lh3.googleusercontent.com/a-/ALV-UjUgqmLXEkv8YNf17juMmMOPs1FJqBxRpUfEA7wd7Ybs4BwBOpLgUQ=s120-c-rp-mo-ba4-br100,5.0,5 tahun lalu,"Kampus kesayangan. Mudah dijangkau karna terlihat dengan sangat jelas dari tol dan dari jalanan biasa. Semoga selalu maju ya dan lekas ganti jadi ITT-PLN. Banyak kenangan dan pelajaran berharga didapat dari kampus ini. Alat alat pendukung praktek tergolong lengkap. Karna memang masih yayasan PLN, mungkin alat ketenagalistrikan yang lengkap ini di dapat dari PLN itu sendiri (hibah?). üòäüëç","['https://lh5.googleusercontent.com/p/AF1QipPlrV0TBiV7cFQHm-Kmsjw9x7BBvzuA888BH35y=w150-h150-k-no-p', 'https://lh5.googleusercontent.com/p/AF1QipNqxBF09Q-eljBe1hsldfGRZ9f8dlidvbJSDMbM=w150-h150-k-no-p']",True,positif
1,Si Jabat,https://www.google.com/maps/contrib/107326891530378331563?hl=id,https://lh3.googleusercontent.com/a-/ALV-UjXD1z_4TE6VUu4RdT10ilvLPW_-OsYkf8znjrjTHKamKWwhFegT=s120-c-rp-mo-br100,2.0,4 bulan lalu,"Apakah benar klo lulusan itpln gampang cari kerja, apa dicari dari kampus nya. ?",[],True,netral
1,Aprida Siahaan,https://www.google.com/maps/contrib/115473342223161476586?hl=id,https://lh3.googleusercontent.com/a-/ALV-UjXzPHPskQp5-ut3cgr5UW60B42dCWbeB1peY3q5moXBB0lbF9unXw=s120-c-rp-mo-ba2-br100,1.0,10 bulan lalu,"UKT ELIT ANJUNGAN SULIT.
1. perubahan password harus hubungin admin dulu, padahal dulu perubahan password bisa dari anjungan dan dilakukan sendiri oleh mahasiswa pemilik anjungan, kalau si admin yang ubah itu namanya BUKAN PASSWORD.
2. Masalah biaya cicilan semester yang tidak jelas, tidak ada info dianjungannya berapa perbulan dan dari tanggal berapa ke berapa pembayarannya (TIDAK ADA!) semuanya sistem manual harus diinput dulu berapa angkanya, RIBET! Inikan kelas karyawan, waktunya bisa kuliah bisa kerja! Mana lah inget bayar kuliah kapan ke kapan, dikasih saran malah ngelunjak, bukannya mau nerima saran dan perbaiki sistem jadi lebih baik! Bad bgt pelayanan it pln sekarang ini!",[],True,negatif
1,Irvan Adianto,https://www.google.com/maps/contrib/115077895727919440414?hl=id,https://lh3.googleusercontent.com/a/ACg8ocKsp8F8DmdLX2JZm3rZRZoamebCWSxloaSCWMpfweSn0qCu5w=s120-c-rp-mo-br100,1.0,7 bulan lalu,"ANAK2 KULIAH DISINI RATA2 GK PUNYA ATTITUDE, TIAP MALAM NGUMPUL TERIAK2 SEOLAH2 DIKIRA DIKAMPUNG BAPAKNYA...Otaknya pd konslet kali ya, TIAP TAHUN RATA2 BEGITU...GAK CEWEK, GAK COWOK SAMA AJA...PADA GAK PUNYA ETIKA, PADA SONGONG",[],True,negatif
2,Cahyana Wiyana,https://www.google.com/maps/contrib/107745350943513027922?hl=id,https://lh3.googleusercontent.com/a-/ALV-UjU6EFpECq_k_DpqSfixzI5p8FkgP4k7mCXoiUzZGIEl7t93XpA-=s120-c-rp-mo-br100,5.0,6 tahun lalu,"Lokasi mudah dijangkau,  mahasiswa dari Sabang sampai Merauke","['https://lh5.googleusercontent.com/p/AF1QipPkLccQMt_2W8whoRJNJnOyNEwv9KVvV-zw5sRt=w150-h150-k-no-p', 'https://lh5.googleusercontent.com/p/AF1QipNQGqAbC-KwbgULq7r9l8GiG6Ac72lLZllhgSmI=w150-h150-k-no-p', 'https://lh5.googleusercontent.com/p/AF1QipOVsJ9d9Ex6RnHvSihnB8UrE_5cWGx-AAVHqVtD=w150-h150-k-no-p', 'https://lh5.googleusercontent.com/p/AF1QipP-gssR7IUDWUJRPh_oFrfMYuCTfYuN0XhMENQu=w150-h150-k-no-p', 'https://lh5.googleusercontent.com/p/AF1QipNiUcSHdW6v-nVuaxtjpO8OBXsSKAHRcBpO8d1d=w150-h150-k-no-p', 'https://lh5.googleusercontent.com/p/AF1QipMLK_9Q5UiicadCSW7ZsL-QKpdZR07izUGst14-=w150-h150-k-no-p', 'https://lh5.googleusercontent.com/p/AF1QipMHSxfCnH-PRG584UY8japBX7CWivgj1BgJL0Wo=w150-h150-k-no-p', 'https://lh5.googleusercontent.com/p/AF1QipNehzaGHbWXs9zpoEAe-f9l2m2TriidtcKy_1xA=w150-h150-k-no-p', 'https://lh5.googleusercontent.com/p/AF1QipO-HyT6axcvdfUo4i_m9BKpL-gWT-aBPncqHz1M=w150-h150-k-no-p', 'https://lh5.googleusercontent.com/p/AF1QipMuucfmZVqjLGC2jEaMHVbt_mK7cM9SEV7vZtxH=w150-h150-k-no-p', 'https://lh5.googleusercontent.com/p/AF1QipOmxiEzpihU3rVTK82qVqJDBwozNPdg8w24N0Wp=w150-h150-k-no-p', 'https://lh5.googleusercontent.com/p/AF1QipMz1OqSZuqKjI1bUoM94FjmId4GlFfnmAYlC-27=w150-h150-k-no-p', 'https://lh5.googleusercontent.com/p/AF1QipN4GlSyvfE0sCx-ZXd6emDoLxehf3as0twHRNH4=w150-h150-k-no-p', 'https://lh5.googleusercontent.com/p/AF1QipO9FgAZwPubgXB6Ca_jA-ccl4Y-ETY3-vvoivAQ=w150-h150-k-no-p', 'https://lh5.googleusercontent.com/p/AF1QipN0Q5XWPeUTyKwYi-H5CnSmupAB0ucOFsgK340y=w150-h150-k-no-p', 'https://lh5.googleusercontent.com/p/AF1QipPj69J1v5EmZ6OcOGOdf4EGM9kQ5g2D2dEoxt65=w150-h150-k-no-p', 'https://lh5.googleusercontent.com/p/AF1QipNFMtWCkaQpB3Lv2YnztcovmHOkQVBurw5EodM9=w150-h150-k-no-p']",False,positif
2,Aldian Rahman,https://www.google.com/maps/contrib/110544645743241055918?hl=id,https://lh3.googleusercontent.com/a-/ALV-UjWskZvd3F0qZCDthn9HhfBO5i_R0xuTZvAY0SuirRg2ekfI9YNF=s120-c-rp-mo-br100,5.0,7 tahun lalu,Kampus kecil yang menjadikan mahasiswa menjadi orang orang hebat nantinya di bidang kelistrikan indonesia,['https://lh5.googleusercontent.com/p/AF1QipO0hHuBe3pMQedA3mxA0BxtdRImVzLi88wn_6hD=w150-h150-k-no-p'],True,positif
2,maryudi yuanto,https://www.google.com/maps/contrib/104783599176018839470?hl=id,https://lh3.googleusercontent.com/a-/ALV-UjXoblG3DUkLltLpOTQPocVg5lUfqjBlW_1kyGX_9OMIUxOLd8qH=s120-c-rp-mo-ba4-br100,5.0,5 tahun lalu,"Sekolah Tinggi Teknik PLN
S2 Teknik Elektro
S1 Tenik Elektro
S1 Teknik Informatika
S1 Teknik Mesin
S1 Teknik Sipil
DIII Teknik Elektro
DIII Teknik Mesin","['https://lh5.googleusercontent.com/p/AF1QipPlPFUInwWb18DK4ypxm6JTyqHWRr_Ej4JABM00=w150-h150-k-no-p', 'https://lh5.googleusercontent.com/p/AF1QipNvQhYz9M8bSaGEEi5yynrzlyUDUaQ_1NtPwdph=w150-h150-k-no-p', 'https://lh5.googleusercontent.com/p/AF1QipMjmTFt95HePshQb9YMz4sdbHV09x2lF0njuAtG=w150-h150-k-no-p', 'https://lh5.googleusercontent.com/p/AF1QipMIkJAsuMTBu-xzhK8fbW-_9DbulOu_LUvDYtD7=w150-h150-k-no-p', 'https://lh5.googleusercontent.com/p/AF1QipNOaVzq3UILCHrwNFWrh4iRHWPolx-Y66VaZQ5U=w150-h150-k-no-p', 'https://lh5.googleusercontent.com/p/AF1QipPf_UhAbLCTbiGQ7p1hdoZ6CFl72uKFhOJuRbOv=w150-h150-k-no-p', 'https://lh5.googleusercontent.com/p/AF1QipPzQ3xF1t_UvskV25XUahIWJMOrQh7958OJbInB=w150-h150-k-no-p', 'https://lh5.googleusercontent.com/p/AF1QipPCbhT_7LmDOrT3PA3kXLmmdK0bl8YmKYUYGO33=w150-h150-k-no-p']",True,netral
2,Arif Febrianto,https://www.google.com/maps/contrib/103122289101646037386?hl=id,https://lh3.googleusercontent.com/a-/ALV-UjV86875Xirxft3PpUFjrp9M6H9PjvJ38LBEoY1WpdZruruD2lLAZQ=s120-c-rp-mo-ba6-br100,5.0,setahun lalu,Sekolah khusus untuk teknik listrik terutama arus kuat..,"['https://lh5.googleusercontent.com/p/AF1QipNMvuUnAssl5qvHpLFWylghnozUS15suLrT9TSX=w150-h150-k-no-p', 'https://lh5.googleusercontent.com/p/AF1QipMwFCIyTRmfYjfGNlCBTNL2Vix4cGMDC5C-dGBU=w150-h150-k-no-p']",True,netral
2,Sinung Abie,https://www.google.com/maps/contrib/109799007189251770275?hl=id,https://lh3.googleusercontent.com/a-/ALV-UjU0NdEczRYIlcNSD5to_C4kuACaE4nV07PfelV1Pry7SkHO-LM=s120-c-rp-mo-ba5-br100,5.0,6 bulan lalu,"Biaya kuliahnya mahal. Belum tentu semua mahasiswa/i masuk dalam kelas kerjasama PLN,PJB,IP. karena akan direkrut di pertengahan semester bukan dari awal kita masuk, jadi terkesan PHP. kedepannya lebih baik fokusin untuk kelas kerjasama saja.",[],True,negatif
2,Yan Adeline,https://www.google.com/maps/contrib/105622436196029363850?hl=id,https://lh3.googleusercontent.com/a/ACg8ocIJM-EW5RPjiNZafqK-3zPLYksZybrecQ_X9EmM8Y_a_hXP4Q=s120-c-rp-mo-br100,1.0,setahun lalu,"Pintu masuk dari gerbang depan maupun gerbang belakang jorok dan kumuh.

Pintu masuk gerbang depan: saluran got banyak sampah bau nyengat pas depan Klandata

Pintu masuk gerbang belakang: banyak aktivitas pembakaran sampah, penumpukan sampah berbulan-bulan hingga akhirnya saya harus laporkan ke Dinas Lingkungan Hidup maupun pihak kelurahan",['https://lh5.googleusercontent.com/p/AF1QipPF2_0V9JeLB_l9D8AA2pxpt2s0DUoCQ-PhY8pk=w150-h150-k-no-p'],False,negatif
2,Yulisya Zuriatni,https://www.google.com/maps/contrib/104882924839620979017?hl=id,https://lh3.googleusercontent.com/a/ACg8ocJ5VOQAuYLcRcCxRMfQkQIZcB91SqSOLRBie4H0tPXORVGqdc5i=s120-c-rp-mo-ba2-br100,5.0,4 tahun lalu,"STT PLN sudah berubah status kelembagaan menjadi Institut Teknologi PLN. IT PLN sebagai kampus yang Modern, Unggul, dan Mandiri üëçüèª",['https://lh5.googleusercontent.com/p/AF1QipNTHu3Kvud-1hXXAByu7wOP0hCqkVzaB_CXaD6V=w150-h150-k-no-p'],True,positif
2,Indra Waliyuda,https://www.google.com/maps/contrib/101226005567913845834?hl=id,https://lh3.googleusercontent.com/a-/ALV-UjW1LJiiVq7SBeDObQS6Xt2OxPXgzWJZ-1LDfq73mmO2Ptu6S8AE=s120-c-rp-mo-ba4-br100,5.0,4 tahun lalu,"Smga dibawah komando ¬†Prof. Dr. Ir. Iwa Garniwa Mulyana K, MT. STT PLN yg telah resmi menjadi IT PLN, menjadi semakin maju..",['https://lh5.googleusercontent.com/p/AF1QipOXEG5T7bK3SNtWDgt_eZg8rRGYFh644yRcpNU0=w150-h150-k-no-p'],True,positif
2,Grab Trisuseno,https://www.google.com/maps/contrib/106307833000598905483?hl=id,https://lh3.googleusercontent.com/a-/ALV-UjUbbswZ_mNtOVGWtsyRRSJy9JUsJmwOQGzfArKZZc8ptPylcb18=s120-c-rp-mo-ba3-br100,1.0,2 tahun lalu,"Byk aturan sttpln Cengkareng Jakarta barat mahasiswa nya mau masuk aja wajib pakai helm klau kgk bawa di suruh parkir di luar gedung, padahal satpamnya harus tau yang gaji diakan dari mahasiswa. Dan anenya lagi saya mau anter anak aja enggak boleh masuk.",[],True,negatif
2,tridHiE,https://www.google.com/maps/contrib/113213973683706276303?hl=id,https://lh3.googleusercontent.com/a/ACg8ocKa9I8f4CbAQU93YU48MpKNyQKIrf3D-aCz_oo0euGCIl3mABcz=s120-c-rp-mo-ba4-br100,5.0,2 tahun lalu,Tengok kampus sebelum ananda masuk taun ajaran baru... Alhamdulillah diterima via seleksi rapot. Smg smua yg mjd harapan dan cita-cita terwujud kan.. aamiin yaa rabbal alamin,[],True,positif
3,Abdul Manan,https://www.google.com/maps/contrib/114947909417606092445?hl=id,https://lh3.googleusercontent.com/a-/ALV-UjWbdfhadee3fc0CkxiKYKW_MyYPLIfrWTfcz3_0LnIqCumoLTaP=s120-c-rp-mo-ba5-br100,5.0,setahun lalu,Salah satu kampus perguruan tinggi di sekitaran jakarta barat yang cukup bagus. Berdekatanbdengan gardu induk PLN. Fasilitasnya cukup lengkap,[],True,positif
3,oktaria handayani,https://www.google.com/maps/contrib/111018955814611301084?hl=id,https://lh3.googleusercontent.com/a/ACg8ocIZmwTVfwj1K5Z13paAqdBqLsa44u0aAOs99XQusFKcTgWBIQ=s120-c-rp-mo-br100,5.0,2 tahun lalu,Kampus gw nih s1 dan s2 nya...jd inget dosen2nya mantep2 sharing ilmu lapangan ya top cer. Dan sekarang udah glowing dong huhu kenapa gak pas gw msh mahasiswa,[],False,positif
3,sapto yuwono,https://www.google.com/maps/contrib/103088211795085978036?hl=id,https://lh3.googleusercontent.com/a-/ALV-UjVLBOaZFYS-9CvXQ2E45K8KjhgafidnHl6fiwKfbevL0z-c7nI=s120-c-rp-mo-br100,5.0,2 tahun lalu,"Kampus yang didukung oleh dosen dosen berpengalaman, proses transfer knowledge langsung dari ahlinya, bukan hanya teori saja.
Laboratorium yang cukup lengkap diantaranya lab PLTU mini (satu satunya kampus yang punya lab PLTU ini), lab waste to energi, lab PLTS dan laboratorium lainnya...",[],False,positif
3,Jejak Affiq,https://www.google.com/maps/contrib/106207215800717531435?hl=id,https://lh3.googleusercontent.com/a-/ALV-UjW-XBowVaqJoOu1ZvyqM_5AOMpQkZNep_JTqqeuLHOSXkJS28E=s120-c-rp-mo-br100,5.0,2 tahun lalu,"Pernah Kuliah disini di S1 Mesinüòò
Sekarang kampusnya tambah keren. Pas kuliah dpt beasiswa dari YPK PLN dan bisa jadi asisten laboratorium. Selain dpt ilmu dapat honor juga buat biaya kuliahnyaüòáü•≥",[],False,positif
3,Ryan Pace,https://www.google.com/maps/contrib/106233256460260151651?hl=id,https://lh3.googleusercontent.com/a-/ALV-UjW6pAIqTrAzJu8ZFfuN1RlEVEmsvCL9S4Po5nULiEbo7w8eYJ1T=s120-c-rp-mo-br100,5.0,2 tahun lalu,"Kampus yang lokasinya sangat strategis, dekat dengan stasiun kereta dan bukan lokasi yang macet. fasilitasnya pun sudah sangat lengkap. kebetulan diriku juga alumni ITPLN Jurusan Informatika üòòüòéüôå",[],False,positif
3,Akbar,https://www.google.com/maps/contrib/109292337421165725643?hl=id,https://lh3.googleusercontent.com/a-/ALV-UjUxrqSWgKOeXeZ4pPK9sAKPkNh0TsJoFAgpxFtMtJXAIYSwyCJS=s120-c-rp-mo-br100,5.0,5 bulan lalu,Salah Satu kampus teknik terbaik,[],False,positif
3,Firas Rasendriya,https://www.google.com/maps/contrib/118399304365511840784?hl=id,https://lh3.googleusercontent.com/a-/ALV-UjUmlqw2yao3ZXVj-84XH3pOQhGnglq3uNVOmmOCmzozLN_2HDKs=s120-c-rp-mo-br100,5.0,6 bulan lalu,"terima kasih universitas pln, alhamdulliah teman saya dewan laksana lolos di universitas ini",[],True,positif
3,Gervan,https://www.google.com/maps/contrib/101412311192296559379?hl=id,https://lh3.googleusercontent.com/a/ACg8ocL9jWTigTWtPdoX08HMqEpJVCjtOrKQBJI8awGXAyTJPinzmQ=s120-c-rp-mo-br100,1.0,setahun lalu,Kampus elit anjungan sulit terus itu kok songong amat student worker kalian sok keren amat yang angkatan 2020,[],False,negatif
3,Abdillahaq lanang,https://www.google.com/maps/contrib/109120786899054618904?hl=id,https://lh3.googleusercontent.com/a-/ALV-UjU3hmpJvhV5_cCYC-2Vo3IOFQkYvvkGlpJDqJfrWSgQs1DyxwHq=s120-c-rp-mo-ba4-br100,5.0,setahun lalu,kampus nya bagus,['https://lh5.googleusercontent.com/p/AF1QipPlONXG5mlbs1GM5tYg3bcn9clDJX9hBu0_6e0v=w150-h150-k-no-p'],True,positif
3,Opay Purnawan,https://www.google.com/maps/contrib/112098341376650486986?hl=id,https://lh3.googleusercontent.com/a-/ALV-UjWZwYAAitokHO0fbgI0CKK50U4AisOVGtaRdLH_6ecWxO_MFCzcng=s120-c-rp-mo-ba5-br100,5.0,setahun lalu,Tempat kuliah yang terkenal khas di bidang energi listrik dengan dosen lulusan luar negeri yang telah terbukti.,[],True,positif
4,Muhammad Irfan,https://www.google.com/maps/contrib/114795114923472404640?hl=id,https://lh3.googleusercontent.com/a-/ALV-UjVZjxpkWbFJPuXYqW2vi-vS4o-i8op-vA9FHVE_Z9IDfnKPkcsV=s120-c-rp-mo-ba6-br100,5.0,4 tahun lalu,"Sekolah Tinggi Teknik - PLN atau STT-PLN adalah perguruan tinggi yang bernaung di bawah Yayasan Pendidikan dan Kesejahteraan PT.PLN¬†(Persero), dan didirikan sebagai upaya memenuhi tuntutan akan tenaga-tenaga ahli yang terdidik, terampil dan profesional di bidang ketenagalistrikan.",[],True,positif
4,Dine Tiara,https://www.google.com/maps/contrib/115367594700190967862?hl=id,https://lh3.googleusercontent.com/a-/ALV-UjXkxDu8_b9m7a_rAEMX54CnJa8DSerO4ezAjJyMv054qiENlYE=s120-c-rp-mo-br100,5.0,2 tahun lalu,Salah satu kampus teknik dengan laboratorium paling lengkap dengan dosen dari akademisi dan praktisi berpengalaman dibidangnya. TOP üëç,[],True,positif
4,victor assani,https://www.google.com/maps/contrib/110474590990627678566?hl=id,https://lh3.googleusercontent.com/a-/ALV-UjU1SPiU8KvoqCatcjx8Eh3DU3yV29qkKc-Dbr7j6pXd1_Aoam5I=s120-c-rp-mo-br100,5.0,2 tahun lalu,"Keren, recomended lah ..... peringkat ke-7 Perguruan Tinggi Swasta terbaik di Indonesia versi¬†Times Higher Education Impact Rangkings.",[],False,positif
4,yozika arvio,https://www.google.com/maps/contrib/113278839395337646054?hl=id,https://lh3.googleusercontent.com/a-/ALV-UjXZWzJIdFEp4aQebiqeI9E_CUPSghr1oeFobukvw_yjBQpnrQnA=s120-c-rp-mo-br100,5.0,2 tahun lalu,"Kampus teknik terbaik di bidang energi dan kelistrikan, lulusan nya dijamin mempunyai sertifikasi keahlian.. TOP!",[],True,positif
4,Dwi Listiawati,https://www.google.com/maps/contrib/103245438919472532824?hl=id,https://lh3.googleusercontent.com/a/ACg8ocLZJvgf3educEH7DY5MAI4APfnTvRMfCeX4cQsiYKnkte4hAw=s120-c-rp-mo-br100,5.0,2 tahun lalu,"Kampusnya mantap, program2 studinya jg menjanjikan peluang kerja kedepan‚Ä¶
Recomended lah‚Ä¶üëç",[],False,positif
4,Wanti Wanti,https://www.google.com/maps/contrib/112073082009535771810?hl=id,https://lh3.googleusercontent.com/a/ACg8ocK3zR29kPW0Yh1euT-SSi7tmAOBG5K_NDhGiLTLSPBsB-Z-ceA=s120-c-rp-mo-br100,5.0,4 tahun lalu,Dikarenakan ada pandemi aktifitas kampus lumpuh total alias kegiatan pembelajaran tidak bisa berjalan.,[],True,negatif
4,Extra fooding,https://www.google.com/maps/contrib/104934350849761508066?hl=id,https://lh3.googleusercontent.com/a-/ALV-UjWleBsgOn3xQs7fEFAQAzQpnKVOeBqIBl8Ox5s7D7VtLFIcgdCW=s120-c-rp-mo-ba4-br100,5.0,3 tahun lalu,üëç,"['https://lh5.googleusercontent.com/p/AF1QipMAUKQCTXZWIkwdPkDIUEEWiBIpNYnGZgx0H9qI=w150-h150-k-no-p', 'https://lh5.googleusercontent.com/p/AF1QipOjXOMB1HqGoafyT4k1p2TSVoBmNH_UkkB1OPDO=w150-h150-k-no-p', 'https://lh5.googleusercontent.com/p/AF1QipPoqNHU7JHah3Kp0Zu1Nf9obeEb4Zrved_R4PT6=w150-h150-k-no-p', 'https://lh5.googleusercontent.com/p/AF1QipO4bYG3jKHk8DWEt4N_KEfY7xXbSSPHnDfOC8fH=w150-h150-k-no-p']",True,positif
4,sunggul simamora,https://www.google.com/maps/contrib/112573924371713238812?hl=id,https://lh3.googleusercontent.com/a-/ALV-UjUG0xScCjx2lut2yyqqCtuVEDlqEkcDNlDuAcNPyaYjDpM_cK5G=s120-c-rp-mo-br100,5.0,8 bulan lalu,Mantap lebih di tingkatkan krukulum nya dan praktek...,[],False,positif
4,Fatih Tinu,https://www.google.com/maps/contrib/113538509997802966829?hl=id,https://lh3.googleusercontent.com/a/ACg8ocLvJVJ38zqkGb8ippfrAJRPRvc_KVWxAcz2rsP3gmjJcyfcBQ=s120-c-rp-mo-br100,5.0,3 tahun lalu,Di sepanjang jalan panasnya minta ampun eh pas di kampus adem banget sejuk banyak angin.,[],False,positif
4,Haris Manjawakang,https://www.google.com/maps/contrib/115681778621982326181?hl=id,https://lh3.googleusercontent.com/a-/ALV-UjWsrK5maJgTH7lgR4AK2BYILHNjYtctgKDhfF6Qs_0OIuY9yxpr=s120-c-rp-mo-ba3-br100,5.0,3 tahun lalu,"Sangat menarik, karena merupakan salah satu perguruan tinggi yang paling multi etnis yg ada dijakarta",[],True,positif
5,Pandu Lesmana,https://www.google.com/maps/contrib/112595700168344962125?hl=id,https://lh3.googleusercontent.com/a/ACg8ocK5hJ37df65CpiEe6CgS9XGt6oi7kziIhDfqhJtgFluXK8Egw=s120-c-rp-mo-br100,5.0,4 tahun lalu,"Kampus gue.. Asli makin keren..
Semoga makin jaya üåπüåπüåπ","['https://lh5.googleusercontent.com/p/AF1QipOuRsG6H4xuIaa3gDGdkm7l3ikrJ1sgcLHoKL-U=w150-h150-k-no-p', 'https://lh5.googleusercontent.com/p/AF1QipNTQk0jp-IXNpsihcR4acuAjUdQgyTGnFLlPRYG=w150-h150-k-no-p']",False,positif
5,abdur rasyid,https://www.google.com/maps/contrib/104957533928676796100?hl=id,https://lh3.googleusercontent.com/a/ACg8ocK8QpV1SEU5wuxW-xkgvfqf1E094nzubr6VpjXbMxxfsjXtDw=s120-c-rp-mo-br100,5.0,2 tahun lalu,Kampus yang asri nyaman mencetak lulusan khas memiliki kemampuan dibidang energi dan ketenagalistrikan,[],False,positif
5,cing onif,https://www.google.com/maps/contrib/114024029453592054061?hl=id,https://lh3.googleusercontent.com/a-/ALV-UjXlb7jdtiW_EVhh_0XLsIJjW1bxcYV2BkN_HCoFla_JoIac6vcM=s120-c-rp-mo-ba4-br100,5.0,3 tahun lalu,Kampus keren dan ramah lingkungan,"['https://lh5.googleusercontent.com/p/AF1QipM-nHYdb2vArSGbOdABqxuuSVqHgJ38xnOIVI7h=w150-h150-k-no-p', 'https://lh5.googleusercontent.com/p/AF1QipNuvMZAzPJZawHUOqqVV4zs3yKKaFtUHWkwjFyd=w150-h150-k-no-p']",True,positif
5,Yunk Kurnia,https://www.google.com/maps/contrib/103004690758573903011?hl=id,https://lh3.googleusercontent.com/a-/ALV-UjXZR9Jb734e4MwcL9TiR-45ryzB7RtaF-e9vS6u8RKsUlodQQnwSA=s120-c-rp-mo-ba4-br100,4.0,3 tahun lalu,Tempat yg nyaman...kelihatan terawat,['https://lh5.googleusercontent.com/p/AF1QipN6K_6jKxq_k1VWiedU86PEEG7a1pPqR-JZXUy3=w150-h150-k-no-p'],True,positif
5,kuswowo kuswowo,https://www.google.com/maps/contrib/100994875446378274393?hl=id,https://lh3.googleusercontent.com/a/ACg8ocL3cY7VryzJvyqV29ld9DFFcd-CREGPi6R1o9ANMbJbu9pcbQ=s120-c-rp-mo-br100,5.0,2 tahun lalu,"ITPLNüëç Kombinasi Terapan dan Teori yg komplit dan aplikative, Lulusannya  siap pakai di Pasar dan Industriüëçüëç",[],True,positif
5,Rakhmadi Irfansyah Putra,https://www.google.com/maps/contrib/114931941665242574778?hl=id,https://lh3.googleusercontent.com/a-/ALV-UjVvqZpCNnQM2BaoDKGzio471TnqV4l-2fQ5hizDYjqttlSRx1Pr=s120-c-rp-mo-ba4-br100,5.0,3 tahun lalu,Kampus teknik memiliki kompetensi ketenaga listrikan,"['https://lh5.googleusercontent.com/p/AF1QipN8qaFdATphLLna3lLtChfQQDbLRrdpUamZ-yXq=w150-h150-k-no-p', 'https://lh5.googleusercontent.com/p/AF1QipMeEh75x72EttL3-ApSRwcQ1eJSfQGNwWTjmYPH=w150-h150-k-no-p', 'https://lh5.googleusercontent.com/p/AF1QipMuAy-ELswDfEHN2D6LAX0S67jqIN_aLOHXZFTZ=w150-h150-k-no-p']",True,positif
5,Muh. Khalif Al Fatah C,https://www.google.com/maps/contrib/108451565286185457571?hl=id,https://lh3.googleusercontent.com/a-/ALV-UjWWvWap6R6oybo4QpjmQ999xHUJj8Nw39VvE9qOHtzhw2snzQ0=s120-c-rp-mo-br100,1.0,setahun lalu,"Mohon Anjungan mahasiswanya Dibenerin, Ukt elit, anjungan sulitt",[],True,negatif
5,Puangthalita Amanda Ak,https://www.google.com/maps/contrib/114637971029525628049?hl=id,https://lh3.googleusercontent.com/a-/ALV-UjWk0xQspg8hyXt4zFHMamGC4SlVIrF9HnaGtijrEnWY-H5wYxwb=s120-c-rp-mo-ba3-br100,4.0,5 tahun lalu,"kampusnya bagus cuma kurang luas buat menampung mahasiswa  yg banyak ,,, dan musollah nya juga",[],True,negatif
5,Iswan,https://www.google.com/maps/contrib/105102046166118918113?hl=id,https://lh3.googleusercontent.com/a-/ALV-UjVuQ4USjy0Tq_2Jp9qxvOZzlkChrNuVKiBqASIXvCye5psK_6Wz=s120-c-rp-mo-ba5-br100,5.0,4 tahun lalu,Luar biasa perubahan yang terjadi pada instusi pendidikan ini. Semoga menjadi lebih baik lagi,[],True,positif
5,raditya arizal p,https://www.google.com/maps/contrib/105618297306646640554?hl=id,https://lh3.googleusercontent.com/a-/ALV-UjW0XB2F3qm8FJDFdPxgFm6Fcz3qCejN4DFxAqk0rkiqrSTXBchbfg=s120-c-rp-mo-ba5-br100,4.0,6 tahun lalu,"Gedung yang khas sebagai tempat belajar,, salah satu Perguruan Tinggi yang dimiliki perusahaan PT. PLN.",[],True,netral
6,Albert Lastian,https://www.google.com/maps/contrib/118313086709315285115?hl=id,https://lh3.googleusercontent.com/a-/ALV-UjVQNP2B6iVENCXatRyZfaAcjnNB0c0XwEsEBotHnQxZzclU2cVC=s120-c-rp-mo-br100,4.0,setahun lalu,Saya ada submit jurnal di PETIR kira - kira kapan ya di review ?,[],True,netral
6,Muhammad Nidzar,https://www.google.com/maps/contrib/117746444515655722168?hl=id,https://lh3.googleusercontent.com/a-/ALV-UjUYWmSzNwNz9GDNJhEyawvfCL-TwdMQJDee6zdhG1t12kN-Nks=s120-c-rp-mo-br100,5.0,7 bulan lalu,"Sekolah nya bagus, bagus untuk dibakar",[],False,negatif
6,Muhammad Rakha,https://www.google.com/maps/contrib/113398396500059592963?hl=id,https://lh3.googleusercontent.com/a-/ALV-UjWpsttMgL0os4sDM6wMJlgtGlwF8iGWuypmgv7CdNpPuLSTkW-G=s120-c-rp-mo-ba2-br100,1.0,4 tahun lalu,Sistem pelayanan pembayaran dan akademik tidak sesuai dengan nama PLN nya karena bener2 sangat mengecewakan.,[],True,negatif
6,teddy mardona,https://www.google.com/maps/contrib/100693976955159696107?hl=id,https://lh3.googleusercontent.com/a-/ALV-UjV_PIC3_MQ6cbCTeG92DIZk9heo7uHENstH2WwZyWupPL-bu4rs=s120-c-rp-mo-ba3-br100,5.0,setahun lalu,Bersih dan bagus,['https://lh5.googleusercontent.com/p/AF1QipNIRMBBeR1RRH8hdb2eFkTKOngOSIgv_yE7uo22=w150-h150-k-no-p'],True,positif
6,nurmiati pasra,https://www.google.com/maps/contrib/114150504406434667431?hl=id,https://lh3.googleusercontent.com/a/ACg8ocIm9HDBo1Di93DqbDGBxHGVRnaGQf7ay_Ijd0MC4k1hiLWC5w=s120-c-rp-mo-br100,5.0,2 tahun lalu,"Dosen2 yang berkualitas, Fasilitas Laboratorium Lengkap, Kampus yang makin kondusif....",[],False,positif
6,fahri rizal,https://www.google.com/maps/contrib/109932184075553662755?hl=id,https://lh3.googleusercontent.com/a-/ALV-UjW3M7kwvxcDY9U23RmsdX3QLPCxRKCatXx3iihS8yJ8LJ5eMjcL=s120-c-rp-mo-ba3-br100,5.0,6 tahun lalu,Akses cepat dan terjangkau karna lebih dekat akses jalan tol dan transport umun yg memadai,[],True,positif
6,arifmaulana rezapangestu,https://www.google.com/maps/contrib/111926417599688487228?hl=id,https://lh3.googleusercontent.com/a-/ALV-UjVyC4NMDwUjxOxZXIGC5NKGJCR3LWV7mk91yu528ndq-OaXbCdF=s120-c-rp-mo-br100,5.0,2 tahun lalu,assalamualaikum selamat siang bapak/ibu apakah disini menerima pkl jurusan listrik,[],False,netral
6,Oky Mahmuri,https://www.google.com/maps/contrib/116772441628891621477?hl=id,https://lh3.googleusercontent.com/a/ACg8ocKqOgcxMInYuOppH9-NXXZku--Q0PXb86O3VEkanfTPWpy2Xg=s120-c-rp-mo-br100,1.0,setahun lalu,"Lulusan dari sini gak ada Kualitasnya, apalagi attitudenya",[],False,negatif
6,Adi Candra,https://www.google.com/maps/contrib/100996873454120614144?hl=id,https://lh3.googleusercontent.com/a-/ALV-UjUZuWHtDp9nwihunuRsG_ovmpGxe78MIEGr2oGDxOjqzeUb-mS-=s120-c-rp-mo-br100,5.0,2 tahun lalu,üëç,['https://lh5.googleusercontent.com/p/AF1QipMiRUufj1aYXnfMqtwSW7161wknfylBEEs5KPnY=w150-h150-k-no-p'],False,positif
6,Andinikma srihandayaniM,https://www.google.com/maps/contrib/109024604813405588192?hl=id,https://lh3.googleusercontent.com/a-/ALV-UjV782WUbEHmfn63fSvJzIDrXNaCVCoRKpkqe2nP2FddIyz0jKlR=s120-c-rp-mo-br100,5.0,7 tahun lalu,"Sederhana, bukan tanpa kekurangan, tapi merasa bangga menggunakan almamater di kampus ini.",[],True,positif
7,Yan Adeline,https://www.google.com/maps/contrib/107518078920771129188?hl=id,https://lh3.googleusercontent.com/a/ACg8ocKPH3ni4jPtKPnDDBaotPael933AHutxhI85jJKgOQ63Vc8vw=s120-c-rp-mo-br100,1.0,setahun lalu,Itu student worker kalian sombong banget sok cantik,[],False,negatif
7,ujang bedhul,https://www.google.com/maps/contrib/105338042774588666446?hl=id,https://lh3.googleusercontent.com/a-/ALV-UjUDaU0CkqRidxxnDX3MTe54NYHqvdzb3qOCoAmoRAG8uGlCklRw=s120-c-rp-mo-ba4-br100,4.0,setahun lalu,Sempat kelewatan krn gak ada papan petunjuk lokasi.,[],True,negatif
7,Elisa Rosita Dewi,https://www.google.com/maps/contrib/105637576441436314742?hl=id,https://lh3.googleusercontent.com/a-/ALV-UjWbwxqjOomBKUaERQv6GHWNKC7-QwqOW0mgaB7uE-UrHf_YA-92HQ=s120-c-rp-mo-ba3-br100,5.0,2 tahun lalu,"kampus yg luar biasa , dari sabang sampai marauke ada disini",[],True,positif
7,Muhammad Rafly Syahputra,https://www.google.com/maps/contrib/115550033100251524158?hl=id,https://lh3.googleusercontent.com/a-/ALV-UjU7tMGZQlaeTlyajSgzL8Vcpp8MvjARBbn7pCzSVGNOVnOlrpH8=s120-c-rp-mo-br100,1.0,3 tahun lalu,"proses sertifikasi rumit, tidak responsif, berbelit belit, tidak bertanggung jawab. terutama dari pihak ITCC",[],False,negatif
7,chandra triatmaja,https://www.google.com/maps/contrib/113897198370040939804?hl=id,https://lh3.googleusercontent.com/a/ACg8ocKbZqDqXfo0LHtO5cjOR5QPfNUjfAVyAz0H1qVusMLgAiVYQA=s120-c-rp-mo-br100,5.0,3 tahun lalu,Sdh tambah bagus kampus dan taman ny..parkiran pun luas,[],True,positif
7,Chelynna Navysealta,https://www.google.com/maps/contrib/114592247931298084578?hl=id,https://lh3.googleusercontent.com/a/ACg8ocJJ-aUUb-WIgSHZPWSZ1AfqQboVPihi6gZcFQhK5mn4r6OzDA=s120-c-rp-mo-br100,1.0,3 bulan lalu,KOLOT,[],True,negatif
7,Tristan Tata,https://www.google.com/maps/contrib/104956758823232157715?hl=id,https://lh3.googleusercontent.com/a-/ALV-UjVVc0qhOdB0xLsEnDJzYd8Pu7FGyD7XVSonA6eO-jPNlZHlMUc=s120-c-rp-mo-ba4-br100,5.0,4 bulan lalu,Keren,[],True,positif
7,Hanasbey Rosa,https://www.google.com/maps/contrib/107537623404346146245?hl=id,https://lh3.googleusercontent.com/a-/ALV-UjUqrU5x4kI3rS6LLEOr4bcrYro8asEMs9GB190pPSGDXfyExUFL=s120-c-rp-mo-br100,5.0,6 tahun lalu,"Semoga di terima dan lulus saat ujian disini
STT PLN  terbaik  jaman now üòäüòâ",['https://lh5.googleusercontent.com/p/AF1QipOPFFhvirrN3DoCqSl7Ffkc2obMwl0Re5nCWGUi=w150-h150-k-no-p'],True,positif
7,Ganis K,https://www.google.com/maps/contrib/108071823267567556076?hl=id,https://lh3.googleusercontent.com/a/ACg8ocKK3fO2LUbqKvC9uRcBNPEW-51JVA9yOk9bfgNwTkvB9ryihA=s120-c-rp-mo-br100,5.0,8 tahun lalu,Karena d sinilah smua awal perjuangan ku mengabdi kepada negara ini d mulai,[],True,positif
7,Eka Yuda.k,https://www.google.com/maps/contrib/116007420048464411006?hl=id,https://lh3.googleusercontent.com/a-/ALV-UjWjERPuiWEucyZpW3Gp9aE89bk3qpRl3KqjXnyHD6ekFxMY_EYa=s120-c-rp-mo-ba2-br100,5.0,7 tahun lalu,Sttpln duri kosambi,"['https://lh5.googleusercontent.com/p/AF1QipOo8jrLDdZTxup-vMFs4uo5w0z_djpxbHJkoucj=w150-h150-k-no-p', 'https://lh5.googleusercontent.com/p/AF1QipMjrr5aNBY9-9C0buSkt9n5Cv5hTUwZkneEb1mN=w150-h150-k-no-p']",True,netral
8,Bang Jo,https://www.google.com/maps/contrib/103755890597093294482?hl=id,https://lh3.googleusercontent.com/a-/ALV-UjWcuAsOdjwbBVwtPJge6ZhZ3RXxyFOW7mfogqm-3p3KsE3cDpw=s120-c-rp-mo-ba5-br100,5.0,6 tahun lalu,Sekolah yang membuat Lulusan Sarjana Berkompetensi di dunia kerja seperti Militan,[],True,positif
8,David Pan (dave),https://www.google.com/maps/contrib/110105221878637691974?hl=id,https://lh3.googleusercontent.com/a-/ALV-UjUjvOgst13pm2gGWc7kL4f2gHzBvoBNi72HeaQh4YmJdTVxOyf1aA=s120-c-rp-mo-ba6-br100,4.0,8 tahun lalu,Sekolah tinggi teknik PLN yng bernaung di bawah yayasan pendisikan & kesejahteraan PT. PLN,[],True,netral
8,Adin Insya,https://www.google.com/maps/contrib/103106075970014436239?hl=id,https://lh3.googleusercontent.com/a-/ALV-UjXIWkkHwmXTmv_ArmvYR7c9tr1tRzTsGLoZenpaXnOzbhu_QcHd=s120-c-rp-mo-ba3-br100,5.0,9 tahun lalu,Tempatnya dimana anak teknik berprestasi berada dikemudian hari insya Allah.,[],True,positif
8,Awal Awal,https://www.google.com/maps/contrib/111077895288012203664?hl=id,https://lh3.googleusercontent.com/a-/ALV-UjVp6QDPrbYeRioYLMY0Fu30M6GGqJdW2nkFb-OtCrAT83n3upDv=s120-c-rp-mo-ba6-br100,4.0,7 tahun lalu,Tempat Kader baru sarjana kelistrikan,['https://lh5.googleusercontent.com/p/AF1QipMbp4cly_dX__IHLXNPDKAStqWl8mAySh_IEcXQ=w150-h150-k-no-p'],True,netral
8,Puja Trisdayanti,https://www.google.com/maps/contrib/115925635422607488755?hl=id,https://lh3.googleusercontent.com/a-/ALV-UjUoHbLVyWttnlWNwZbWyDkMkuKeA0u1V7zl2p4nQ3m6zXzMP5v_=s120-c-rp-mo-br100,5.0,setahun lalu,Boleh info koskosan sekitaran kampus dong,[],True,netral
8,Supriyatno Ompi,https://www.google.com/maps/contrib/101844228395201966020?hl=id,https://lh3.googleusercontent.com/a-/ALV-UjWluL5zX2rLjO2wThjIB8RcKxvHDjzhrKcF_ujJyW_6H5NUn7vP=s120-c-rp-mo-ba5-br100,5.0,2 tahun lalu,Alhamdulillah anak saya yang nomer 1 sudah lulus dari sini,[],True,positif
8,Edy Doger,https://www.google.com/maps/contrib/117183066963808185092?hl=id,https://lh3.googleusercontent.com/a-/ALV-UjW4fUP_dcZZE19jU0iS9ywdKObTM4JQEoIwzcGbPDkDm9nDTTKZ=s120-c-rp-mo-br100,5.0,3 tahun lalu,Kampus yg mantab selain itu memang tempat kerja aqu,[],True,positif
8,vhiendy savella,https://www.google.com/maps/contrib/110085779213271287104?hl=id,https://lh3.googleusercontent.com/a-/ALV-UjVhT4iOpZHbp2EdZmMP1RCEykW-tbID1tWEUVtfINdzfaro6NDg=s120-c-rp-mo-br100,5.0,2 tahun lalu,Dosen PAnya keceeee cc : pak Rakhmadi üëåüèªüëåüèªüòç,[],False,positif
8,Maria Susanti,https://www.google.com/maps/contrib/117190201102146431823?hl=id,https://lh3.googleusercontent.com/a/ACg8ocIfemGvnQdhoecgxQ_xvzNTOn8Dj76jXSur0pBpIRVP_gXJkQ=s120-c-rp-mo-br100,5.0,8 tahun lalu,Harapan anakku memulai menuntut ilmu..sukses sllu,[],False,positif
8,Fajar Riyanto,https://www.google.com/maps/contrib/111608797724880840138?hl=id,https://lh3.googleusercontent.com/a/ACg8ocLEzKyTddsjBg9y4XpJdK-mP47S4sBuTCJkzY2tJ8nO9p-fAg=s120-c-rp-mo-br100,5.0,4 tahun lalu,tempat yg mengajarkan ku tentang listrik di tempat ini lah aku belajar,[],False,positif
9,Fredella Gea,https://www.google.com/maps/contrib/111567236642346605946?hl=id,https://lh3.googleusercontent.com/a-/ALV-UjVUTqpRjw2wKfw7QE4ZSvQcDEVXVSYs42FK1ie79i2poO7AVERc=s120-c-rp-mo-ba5-br100,5.0,6 tahun lalu,üòéüòé,['https://lh5.googleusercontent.com/p/AF1QipN2472h63MI_ft9E9mz8vx7XV624VJ_SNRTRQBy=w150-h150-k-no-p'],True,netral
9,Anugrah Syarif,https://www.google.com/maps/contrib/117671083271473088832?hl=id,https://lh3.googleusercontent.com/a-/ALV-UjWw_hUOu9Apcr_79GfqRAxwee_htLiKiwD1Y9LzUtO9WXIVhoDPGg=s120-c-rp-mo-br100,5.0,3 tahun lalu,Bagus,"['https://lh5.googleusercontent.com/p/AF1QipOEIGzrBzRL8TeFN2rnYjF5aOzz1cLJiDDBiHgA=w150-h150-k-no-p', 'https://lh5.googleusercontent.com/p/AF1QipNeGWRSUCtL_NFEdEDkAKnH--PKpFKpJz5-Cio0=w150-h150-k-no-p']",False,positif
9,Mohammad Zhafran Nabil,https://www.google.com/maps/contrib/100301661540442312699?hl=id,https://lh3.googleusercontent.com/a-/ALV-UjXJO2H-ODzbSeHyyAT2Fa7daYiDsx43yjDxFntVaZ5KYxwgXEs6=s120-c-rp-mo-ba2-br100,4.0,7 tahun lalu,Ingat pintu masuk sebelum pombensin sebelah toko Ban,[],True,netral
9,Dimas T.A,https://www.google.com/maps/contrib/108159901531703527470?hl=id,https://lh3.googleusercontent.com/a-/ALV-UjXmE_zAe8QIZIEGf9SbOaT0SlBtmNzVXrnwLNEks3YOH7aoHump=s120-c-rp-mo-ba4-br100,5.0,6 tahun lalu,banyak orang dari berbagai suku dan latar belakang yang berkuliah di sini,[],True,netral
9,ruth Simanungkalit,https://www.google.com/maps/contrib/112711467895388579395?hl=id,https://lh3.googleusercontent.com/a-/ALV-UjXpg03zsn2-tuUnthjzaxVeC-ksngIIoau6sjyqBd-hJHLnSlM=s120-c-rp-mo-br100,5.0,9 tahun lalu,kalau ujan terkadang saya merasa sedih,[],False,negatif
9,Janter Sitorus,https://www.google.com/maps/contrib/106892659765314322991?hl=id,https://lh3.googleusercontent.com/a-/ALV-UjXZwG0t6Ffq3d8SfmuOtJAjnyuACcTmT1xMKrO4yBvu4JIPjG5RdQ=s120-c-rp-mo-ba3-br100,4.0,2 tahun lalu,Tempat nya strategis mudah dijangkau,[],True,positif
9,Sangaji ardiyan putra,https://www.google.com/maps/contrib/101973396083988469180?hl=id,https://lh3.googleusercontent.com/a-/ALV-UjVTG3Vk9nnHa8eiRyO8OlB0Mz4duxR9RIsXmCGoh-lbUkRzy666=s120-c-rp-mo-ba4-br100,5.0,9 tahun lalu,"Sekedar singgah ke lantai 8.
See you HIMAPRODIT 2010.",[],True,netral
9,Choiro zak,https://www.google.com/maps/contrib/113576895750910363586?hl=id,https://lh3.googleusercontent.com/a-/ALV-UjVDPJIxAWxhvvgbP_YflZWtfQ0AecN_MFZ0yfXCA-X-4O-vUFd0rw=s120-c-rp-mo-ba3-br100,5.0,4 tahun lalu,Tempat kuliah berbasis teknologi yg cukup mumpuni,[],True,positif
9,Syukri Driver,https://www.google.com/maps/contrib/118394098931023070178?hl=id,https://lh3.googleusercontent.com/a-/ALV-UjVByK0Tin7H5e-6HTgDKTVc3T0kGTsC5T_k_1HXWE_ebOoq0jF1ZQ=s120-c-rp-mo-ba5-br100,5.0,2 tahun lalu,ùöÇùöûùöçùöäùöë ùô∞ùöîùöùùöíùöüùöíùöùùöäùöú ùöóùöòùöõùöñùöäùöï ùöîùöéùöñùöãùöäùöïùöí,[],True,positif
9,MOSIP SONI,https://www.google.com/maps/contrib/107721316853750151527?hl=id,https://lh3.googleusercontent.com/a-/ALV-UjWua_K-7gdOeFRV3yhxCuwb-VSUzWLH1LIiaUjAufO6o0aIcYw=s120-c-rp-mo-ba3-br100,5.0,10 bulan lalu,ü§óü§óü§ó,[],True,positif
10,Budi Herlambang,https://www.google.com/maps/contrib/104666892854694771096?hl=id,https://lh3.googleusercontent.com/a/ACg8ocJuy5Z-lXp6iwGeDjzV3AhFqIuvW-VBsZ_OOjT7Cq9QnwFCyw=s120-c-rp-mo-br100,5.0,2 tahun lalu,Keren kampusnya..adem ada danaunya,[],False,positif
10,Zevril Petri Appang,https://www.google.com/maps/contrib/105943393680032668829?hl=id,https://lh3.googleusercontent.com/a-/ALV-UjWX3LqX8y78FI-HzNBfVRNMtlS1yTHLUH7ekntbVmZNv9MxjFvu=s120-c-rp-mo-br100,1.0,5 tahun lalu,Banyak alumninya ikut test pln lagi,[],False,positif
10,danur qahari,https://www.google.com/maps/contrib/102650226820212823573?hl=id,https://lh3.googleusercontent.com/a-/ALV-UjXC0_Vr7fQufSgCt51abC2k5n5U1BlAUnb8Kdo7YUiIWtvojRUy=s120-c-rp-mo-ba3-br100,5.0,4 tahun lalu,"Saat ini sedang renovasi, dan masih berlangsung proses renovasi",[],True,netral
10,Tony Koerniawan,https://www.google.com/maps/contrib/111756180853940127020?hl=id,https://lh3.googleusercontent.com/a-/ALV-UjUY0oorBGQLD_twkwjF_jctKsTRy4Y7SlO6_B-W9Okim2bUvWaJ=s120-c-rp-mo-br100,5.0,3 tahun lalu,Tempat perkuliahan tentang ketenaglistrikan yang lengkap fasilitasnya.,[],True,positif
10,hassim frusst,https://www.google.com/maps/contrib/105562472738676489503?hl=id,https://lh3.googleusercontent.com/a-/ALV-UjX8kiQec_2Ck5cZf3cjT93bcnKyQ7QklBmDwILHU3y9wO-uip-qmw=s120-c-rp-mo-ba3-br100,5.0,3 tahun lalu,Sangat bagus sekali,[],True,positif
10,yusuf ekoar,https://www.google.com/maps/contrib/116766753102438320719?hl=id,https://lh3.googleusercontent.com/a/ACg8ocKVKPfAA5DMEF3yJ1G9Rp0ip9sRzLF3Pp-yAgVo4X-1Rl2mvQ=s120-c-rp-mo-ba2-br100,5.0,2 tahun lalu,Kampusnya calon pimpinan PLN masadepan.,[],True,positif
10,Wangsarajasa Investasi Super,https://www.google.com/maps/contrib/101514848464084827738?hl=id,https://lh3.googleusercontent.com/a-/ALV-UjXQFL0DzeJhn4cnyB5hbwGxQrgeHRlsiLS6sV5lsYh1PUYQgSy3=s120-c-rp-mo-br100,5.0,8 tahun lalu,Karena kakak saya ada di sekolah STT Jakarta Barat,[],False,netral
10,Nur Ramadhan,https://www.google.com/maps/contrib/100156797941231269860?hl=id,https://lh3.googleusercontent.com/a-/ALV-UjVTAHapWsV0cyiKslVFCncLPShbPiqRpcosbFozOUO7zmPaFVK5=s120-c-rp-mo-ba3-br100,5.0,setahun lalu,"Bagus tempatnya, nyaman ,",[],True,positif
10,Dedi Doang,https://www.google.com/maps/contrib/109714227741559136114?hl=id,https://lh3.googleusercontent.com/a-/ALV-UjX-ikgL778IHXBS6uSq5PUpO3_1qKOJ-CoYnhcuwuUJ4P_G7C3n=s120-c-rp-mo-br100,5.0,9 bulan lalu,semakin top,[],False,positif
10,Channel YouTube LAMBE MUNCIS,https://www.google.com/maps/contrib/109986023979807807456?hl=id,https://lh3.googleusercontent.com/a-/ALV-UjUuH7wJ9z4PbBkC9QpnEH10k1uXEjE7joZOKHRl3N2hK3ITo8-JSg=s120-c-rp-mo-ba8-br100,4.0,6 tahun lalu,"Kampus yang bagus,lokasinya juga sangat strategis",[],True,positif
11,Anas Ibrahim kiansantang,https://www.google.com/maps/contrib/105551104480955221327?hl=id,https://lh3.googleusercontent.com/a/ACg8ocKLzZvjGfTgP6ouSt53Gi8GfQTGIm5o0GIYzdrEqXdP3iakjw=s120-c-rp-mo-br100,5.0,4 tahun lalu,kita kasih bintang 5 dair singawinata.com,[],False,positif
11,wi rudy,https://www.google.com/maps/contrib/108589859389797639046?hl=id,https://lh3.googleusercontent.com/a-/ALV-UjUifwwg4L0NxcLz3lS34ORqXR7VMnHqpawdKCCAaThXddcXo_A=s120-c-rp-mo-ba5-br100,5.0,6 tahun lalu,Tempat mengadakan perpisahan sma disini.,[],True,netral
11,Agus Supriyono,https://www.google.com/maps/contrib/113278471603711239116?hl=id,https://lh3.googleusercontent.com/a-/ALV-UjWzSPvLOOEA6DGLt65me6HSuAlCojFVEGvkrpDB8HOlFnFf1idw=s120-c-rp-mo-ba3-br100,5.0,4 tahun lalu,Tempat kost atau kontrakan yang dekat kampus ada ya,[],True,netral
11,Nur Syamsudin,https://www.google.com/maps/contrib/105231960356035376240?hl=id,https://lh3.googleusercontent.com/a/ACg8ocKHpEr05PGGj_pPK5mcTRVBie9apY4KO3tOaiZwUyEl5rrMqg=s120-c-rp-mo-br100,5.0,2 tahun lalu,Indah rapih bersih,[],False,positif
11,dedi kurnia,https://www.google.com/maps/contrib/117008435429070354976?hl=id,https://lh3.googleusercontent.com/a-/ALV-UjX-qw0ML0PXFeCqjR-Z6hv_nRNt4ad5RDn84RZ748dAIJZVdZzW=s120-c-rp-mo-ba4-br100,5.0,8 tahun lalu,Basecampnya Mapala Cakrawala,[],True,positif
11,muhammad chamis,https://www.google.com/maps/contrib/101575987091963617701?hl=id,https://lh3.googleusercontent.com/a-/ALV-UjWDALlGjEd_KudmCr4Eh7VPRdej-vBU0lcpl7HycJyOU1dbEog=s120-c-rp-mo-br100,5.0,2 tahun lalu,Saya alumni thn 2009,['https://lh5.googleusercontent.com/p/AF1QipNChKNMi0gTr4jMF_irTgh4DhP-5mVE5VOZ7V7I=w150-h150-k-no-p'],True,netral
11,Mr. 107,https://www.google.com/maps/contrib/111157355581407564550?hl=id,https://lh3.googleusercontent.com/a-/ALV-UjUNLOvG43cZTkXQn5bEpXTudgnmGkj_-jNYgsR0kNplsox4W6Ir=s120-c-rp-mo-ba5-br100,5.0,setahun lalu,Ya begitulah kampusnya,[],True,netral
11,Andrian Tjia,https://www.google.com/maps/contrib/116633634319832800749?hl=id,https://lh3.googleusercontent.com/a-/ALV-UjXs1N5kFZJHmtfXZLPHWX0oZM0zJecrJVWCI-2mJKqSG9-pvH9d=s120-c-rp-mo-br100,5.0,7 tahun lalu,Semoga bisa lanjut sekolah disini,"['https://lh5.googleusercontent.com/p/AF1QipNm0eeme9RWo2xBD8qqdbH2-y_zZ3uGxswiUllK=w150-h150-k-no-p', 'https://lh5.googleusercontent.com/p/AF1QipMG-aWpyDfsCQhnNJwtK3A9928gXf7lckrHWMV4=w150-h150-k-no-p']",False,positif
11,firman ayuda,https://www.google.com/maps/contrib/116270773260682470655?hl=id,https://lh3.googleusercontent.com/a-/ALV-UjU6uV1cMNO2hV84tsdV5Bp3HL1P1S0wnb93bs6J7dYJnLmrcJ4=s120-c-rp-mo-br100,5.0,6 tahun lalu,mohon info kos2an dekat dengan kampus sttpln...,[],True,netral
11,Dwi Istanti,https://www.google.com/maps/contrib/116614655410331018467?hl=id,https://lh3.googleusercontent.com/a-/ALV-UjXnbGFqRoIMNr1YdK5fIWmjce9Kz0pDWXWXGfX1zWnEwKZ7D6HTbQ=s120-c-rp-mo-br100,3.0,10 bulan lalu,Baik,[],False,netral
12,asep nurfalah,https://www.google.com/maps/contrib/115817987988811343550?hl=id,https://lh3.googleusercontent.com/a-/ALV-UjXIT9j1IxDv5Pq7Jks1R47Dg82Inr7M6Pj5CU9tlVwkkZrpinE=s120-c-rp-mo-br100,5.0,3 tahun lalu,Rumah kedua,['https://lh5.googleusercontent.com/p/AF1QipMEqxPd3ujQVVyP7smacpJzNzoRyZQZxdjwBSE=w150-h150-k-no-p'],False,netral
12,Moh Udin,https://www.google.com/maps/contrib/103577650428939454488?hl=id,https://lh3.googleusercontent.com/a-/ALV-UjWqASTGIInEgjE2Na6NKA6b57YvclKuzlvFNnWVoZ8Q27ulrRaJ=s120-c-rp-mo-br100,5.0,3 tahun lalu,Sangat menyenangkan,[],False,positif
12,Dolly Arman,https://www.google.com/maps/contrib/109635527526110560293?hl=id,https://lh3.googleusercontent.com/a-/ALV-UjX62lXDeVrbH_m3R-Pi2CR9noF0_trOODvkORNSYhyE3sxLrlfT=s120-c-rp-mo-ba5-br100,4.0,5 tahun lalu,Tempat kuliahnya para  calon pegawai PLN,[],True,netral
12,Jes Jes,https://www.google.com/maps/contrib/105339549707774282754?hl=id,https://lh3.googleusercontent.com/a/ACg8ocL5x3Ts5ygXk9lw0HG68IOlenI5jrBhFY8dS_BpGdpU1LJ5H24=s120-c-rp-mo-ba4-br100,3.0,3 tahun lalu,Kampus Swasta dibawah naungan YPK PLN,[],True,netral
12,PEMBASMI JAWA,https://www.google.com/maps/contrib/108182304963160607922?hl=id,https://lh3.googleusercontent.com/a/ACg8ocKUx2fWHyl6iT5-pngdR-0QwfXI6BSxX41pYzhG8Vp9CjFf3uU=s120-c-rp-mo-br100,5.0,9 tahun lalu,Pasti ganteng kalo kuliah dimari,[],False,positif
12,Ibrahim Zahid,https://www.google.com/maps/contrib/113946825236174217012?hl=id,https://lh3.googleusercontent.com/a/ACg8ocLTDqVpHrxCvVbbEMfPGUSw_FRzaK235oktV-CjVv3kU8qNwA=s120-c-rp-mo-br100,5.0,3 tahun lalu,Pokoknya kaget dah,[],False,negatif
12,nur mukhlas,https://www.google.com/maps/contrib/115587648368064938252?hl=id,https://lh3.googleusercontent.com/a-/ALV-UjXDe7yvRZpiGO7u21BB9ccCwuk1nuGp7qQmbuQYVw40zT0rm4Vn=s120-c-rp-mo-ba3-br100,5.0,3 tahun lalu,Bismillah aja dulu,[],True,netral
12,Nur Fadilah,https://www.google.com/maps/contrib/106473065862987714316?hl=id,https://lh3.googleusercontent.com/a-/ALV-UjU8CCP3_b6f6gMzdFFbC0GhXjMT3UNoNLVPzxr_i68X9nbFpWmR=s120-c-rp-mo-br100,5.0,2 tahun lalu,‚ù§‚ù§,[],True,positif
12,indra,https://www.google.com/maps/contrib/108118317754835867777?hl=id,https://lh3.googleusercontent.com/a-/ALV-UjXqX_TEjwJsIYlBCPViN94e-O2P1F8NE0SDRlhBjQMnzxE0hVzR=s120-c-rp-mo-ba3-br100,4.0,7 tahun lalu,Dekat tempat kerja,[],True,netral
12,kausar,https://www.google.com/maps/contrib/107187290340148719358?hl=id,https://lh3.googleusercontent.com/a-/ALV-UjU8IClJ43B7hCd7v1HPNDC5QNv200Oe7SbsUZdP_yJKnsdM8iO-=s120-c-rp-mo-ba3-br100,5.0,5 tahun lalu,Kampus dengan kelas kerja sama pln,[],True,positif
13,Eko Putro,https://www.google.com/maps/contrib/110315311277708232040?hl=id,https://lh3.googleusercontent.com/a-/ALV-UjVu_WryDR0aD0pgjCfivCmt3EX1JD4LAaHxuGSyW_qc19Q3muK4=s120-c-rp-mo-br100,5.0,4 tahun lalu,Menyenangkan,['https://lh5.googleusercontent.com/p/AF1QipNmc0r6PgUYY6jsk8rc8SzRrLIiSDTM7T4gphxP=w150-h150-k-no-p'],False,positif
13,Kamran J.Rappo,https://www.google.com/maps/contrib/105655654762416321529?hl=id,https://lh3.googleusercontent.com/a-/ALV-UjXKqGk2sbO_yDHk0yN8Ju4W7zcqBTeL6Lic25tH68bsaP8RkctW=s120-c-rp-mo-ba4-br100,5.0,2 tahun lalu,Cakep,[],True,positif
13,Zaenurrasid,https://www.google.com/maps/contrib/115421611117361631793?hl=id,https://lh3.googleusercontent.com/a-/ALV-UjUmCTKhnwTBalmVtldr7VbddFOl4jx__JbXIL3r5XhSHf8V1Kx1=s120-c-rp-mo-ba2-br100,5.0,9 tahun lalu,Mari meraih mimpi d sttpln,[],True,netral
13,slamet Supriatin,https://www.google.com/maps/contrib/107173049084178161146?hl=id,https://lh3.googleusercontent.com/a-/ALV-UjV7_jEhBi1JeiIyMBiV_CKdC_DBNbCuTXVY-AIK_E91-YDh-ik=s120-c-rp-mo-ba3-br100,5.0,2 tahun lalu,Karyawan dan dosenya ramah,"['https://lh5.googleusercontent.com/p/AF1QipNPao5P_MKptlyoMYXC3PQnCvcPtV7ou4it3TgT=w150-h150-k-no-p', 'https://lh5.googleusercontent.com/p/AF1QipPBu-Jbu-WIxrFh9lFlI0rAzvm4CqVoxYF8q9dm=w150-h150-k-no-p']",True,positif
13,Ahmad Syaiful,https://www.google.com/maps/contrib/104515670621609948716?hl=id,https://lh3.googleusercontent.com/a-/ALV-UjUtfBAiarhS4tYDwfO8V_Xgx2fapLVozd0yhdrP1I2PZn0O1Vyk=s120-c-rp-mo-ba5-br100,5.0,6 tahun lalu,Kampus stt telkom,[],True,netral
13,bill clinton,https://www.google.com/maps/contrib/105412509068103940208?hl=id,https://lh3.googleusercontent.com/a-/ALV-UjVr8Qi1uwzbdbinb3qwnTJI-Z6d6Hy0MAIpcvErPQDweQbNGb0=s120-c-rp-mo-br100,5.0,7 tahun lalu,Teknik nya luar biasa,[],True,positif
13,Ita Novita,https://www.google.com/maps/contrib/102213398488376270965?hl=id,https://lh3.googleusercontent.com/a/ACg8ocJyUx9fC2_6zVQ4On3o7BoKBez3K6g55B7JavLTURdHpgrU9Q=s120-c-rp-mo-br100,5.0,4 tahun lalu,Oke rekomended,[],True,positif
13,Abdul Rosyad,https://www.google.com/maps/contrib/107054987224287429900?hl=id,https://lh3.googleusercontent.com/a-/ALV-UjXIfEoILlxog-7bMWrRcLQUHlorFbGtVYq-AevCksm_KgKdI-du=s120-c-rp-mo-br100,5.0,4 tahun lalu,Mencari rezeki...,['https://lh5.googleusercontent.com/p/AF1QipM3Ui9VXfUgpfOmgYaRajlb9Do4j5LFIukJcTpU=w150-h150-k-no-p'],False,netral
13,elita yolandara,https://www.google.com/maps/contrib/105534501349318368428?hl=id,https://lh3.googleusercontent.com/a-/ALV-UjXVLkF1684nVL2IrLKwlqB_9SV-9qfWKUo4JkXLB85svZtha2F-=s120-c-rp-mo-br100,5.0,4 tahun lalu,Sangat bagus,[],True,positif
13,CV. Aksara Global Akademia,https://www.google.com/maps/contrib/108524781377885770152?hl=id,https://lh3.googleusercontent.com/a-/ALV-UjX6OLcRBxB2MIynDQLvGWxdeZ0UN_l63KgC671NGyph2iZtXyVpkA=s120-c-rp-mo-ba3-br100,5.0,2 tahun lalu,Sukses selalu,[],True,positif
14,Xoou CH,https://www.google.com/maps/contrib/111666812988474630013?hl=id,https://lh3.googleusercontent.com/a-/ALV-UjXk8caTUvyLHCdYlZC6sIBXuld_IxylmEdnBYTqz5Yoluzbc-pH=s120-c-rp-mo-ba3-br100,5.0,7 tahun lalu,Banyak anak kuliahan,[],True,netral
14,Junaidi Sibarani,https://www.google.com/maps/contrib/107489114215513218188?hl=id,https://lh3.googleusercontent.com/a-/ALV-UjWS0IinuVhIYvFuHHyL9mwnKJmaR4OfxJDRps7e7ugo92VqELM=s120-c-rp-mo-br100,5.0,7 tahun lalu,"Bagus,enak di lihat.",[],True,positif
14,Pardi Sinaga,https://www.google.com/maps/contrib/116452954779820329290?hl=id,https://lh3.googleusercontent.com/a-/ALV-UjXmyqpfrGtUQJNb5_y9_oJEnaCc8DSmnoyfmR2CPrGw6CDaEjE6=s120-c-rp-mo-ba5-br100,3.0,6 tahun lalu,Cukup bagus,[],True,positif
14,meika Meika,https://www.google.com/maps/contrib/117566847715209962873?hl=id,https://lh3.googleusercontent.com/a/ACg8ocKH1tFADBtg1ypT4oTl37l9AFyVPcMo9D2YQhlaa0DrbYs0YQ=s120-c-rp-mo-br100,4.0,3 tahun lalu,Lokasi membingungkan,[],False,negatif
14,Goen 72,https://www.google.com/maps/contrib/110125979749087211972?hl=id,https://lh3.googleusercontent.com/a-/ALV-UjUfDmFaNUzQrCKu30O5W48pbmrFi-mO2--K3qbrHhPlbkccOt2m=s120-c-rp-mo-br100,5.0,4 tahun lalu,Mudah dicari,[],True,positif
14,resha A.F,https://www.google.com/maps/contrib/105676031748489769111?hl=id,https://lh3.googleusercontent.com/a-/ALV-UjUTzN9Cf_zQHtgAep8-A96PlWanuQxNibjxlm4vh9-ZakOn8hU=s120-c-rp-mo-br100,5.0,9 tahun lalu,Memulai mimpi di sini,[],True,positif
14,Aji Wildan Maulana,https://www.google.com/maps/contrib/117277506512044394814?hl=id,https://lh3.googleusercontent.com/a-/ALV-UjUpKY4gyrYmqCKw4lbLv8YJj_50YpWZMDbfBCyh4er7eKGhGN-C=s120-c-rp-mo-br100,5.0,3 tahun lalu,Tempat yang sangat menyenangkan,[],False,positif
14,Aji pangestu,https://www.google.com/maps/contrib/101837504940965021825?hl=id,https://lh3.googleusercontent.com/a-/ALV-UjXspUxZ4POy68zg3UNNH8xguqAXmCKkjBOaGTS1EPKTEZlCIBze7A=s120-c-rp-mo-ba4-br100,5.0,7 tahun lalu,Pengn skolah di sini üôè,[],True,positif
14,Onas Al Afis,https://www.google.com/maps/contrib/117133329026113985545?hl=id,https://lh3.googleusercontent.com/a/ACg8ocIn9q6B_d01ec9iJw2kLdpuDupAYeiIU2s8wzC-0jB7YgnCmTE=s120-c-rp-mo-br100,5.0,2 tahun lalu,Bagus,[],False,positif
14,Priyo Susanto,https://www.google.com/maps/contrib/115925959381058116097?hl=id,https://lh3.googleusercontent.com/a/ACg8ocIicLSYlBnVccojm4n63-TnKUMWen0FrYN8wFXGwaWDpoIg7Q=s120-c-rp-mo-br100,5.0,3 tahun lalu,Keren,[],False,positif
15,Raisha Bakhtiar,https://www.google.com/maps/contrib/100842907523882664318?hl=id,https://lh3.googleusercontent.com/a/ACg8ocJUCQaBlnZtBWOr_QhLeOBgYOB-wpcYqp4T_aVBvPFkFAuseA=s120-c-rp-mo-br100,1.0,4 tahun lalu,Mantap,[],False,positif
15,I Wyn Hadi S,https://www.google.com/maps/contrib/108153349468894428011?hl=id,https://lh3.googleusercontent.com/a-/ALV-UjWY8Y2PWYNoiNHYpUETbx5ugFjYAd7F3-YBokfSke4SOEGWhyAW=s120-c-rp-mo-ba3-br100,5.0,9 tahun lalu,Kampus kotak,[],True,netral
15,adi shinjo,https://www.google.com/maps/contrib/118356148762503149221?hl=id,https://lh3.googleusercontent.com/a-/ALV-UjVadCYUk12quO25gMQmaJSO6vcFH9MdNLtJE1hsWSDIW2KBNu2b=s120-c-rp-mo-ba5-br100,5.0,2 tahun lalu,Kampus petir,[],True,netral
15,Erfinia Nerlanda,https://www.google.com/maps/contrib/110584729606982375247?hl=id,https://lh3.googleusercontent.com/a-/ALV-UjUQOO5vkDTQS4OL693h74h6GT0eKLoXn0SorVikI6Zn7kY43RGl=s120-c-rp-mo-ba2-br100,2.0,8 tahun lalu,Oke,[],True,netral
15,√àkal Aufar,https://www.google.com/maps/contrib/118167661281702991273?hl=id,https://lh3.googleusercontent.com/a-/ALV-UjXYTQ_bzGIo8NMa9gVpzn8qbuAbLjc6zn1_6E_0rJrxmSXEb7-RQA=s120-c-rp-mo-ba4-br100,5.0,3 tahun lalu,kampus kebanggaanüòÇ,[],True,positif
15,Nanda Prasetyo,https://www.google.com/maps/contrib/102827201770094093567?hl=id,https://lh3.googleusercontent.com/a/ACg8ocLiD9Wf4oJvKe0-N6Dza2TErtM3Sp6xZaPiqdIKIkogc0sj=s120-c-rp-mo-br100,5.0,9 tahun lalu,Mesin Jaya,[],False,netral
15,bonardo sinaga,https://www.google.com/maps/contrib/107768270428355933779?hl=id,https://lh3.googleusercontent.com/a-/ALV-UjWkMElW__1ETHeH1DkYpX86siBaW3XIzApLOvaldqEiNuzQ5rRg=s120-c-rp-mo-br100,5.0,7 tahun lalu,awal kesuksesan,[],False,positif
15,imna musa,https://www.google.com/maps/contrib/101571499665821394751?hl=id,https://lh3.googleusercontent.com/a-/ALV-UjWIrEJqg5DUuPxxm5DchNhV0UbKB3x3kT6J1Nrc7EyvGq-2siw=s120-c-rp-mo-br100,5.0,8 tahun lalu,Kampus Top,[],False,positif
15,Marisa Hardi Ningrum,https://www.google.com/maps/contrib/103845016607905341976?hl=id,https://lh3.googleusercontent.com/a/ACg8ocKwSnlHUrXGyjYE27SOEtALS8AKur-XwOkeMlM1ca3dkoksHQ=s120-c-rp-mo-br100,5.0,3 tahun lalu,Bagus,[],False,positif
15,Wadinil Nazar,https://www.google.com/maps/contrib/103168342507441193110?hl=id,https://lh3.googleusercontent.com/a/ACg8ocL5EL2uR7fk-5zKG_fvcnJT_SsIFS1VOU43cAOjjEulMRllOg=s120-c-rp-mo-br100,3.0,7 tahun lalu,Mantap,[],False,positif
16,Tedi Herwantoko,https://www.google.com/maps/contrib/108316037192964533524?hl=id,https://lh3.googleusercontent.com/a/ACg8ocJSr1ARAm9xU-bpnqN42eQ0k7RPTMsdJ4IRrG2RUReBtpf4lg=s120-c-rp-mo-br100,5.0,4 tahun lalu,Bagus,['https://lh5.googleusercontent.com/p/AF1QipN5uYF-B2e7v5w0C7SkpmuzOBagC_sMVzJ51ZrQ=w150-h150-k-no-p'],False,positif
16,Frederick Cheung,https://www.google.com/maps/contrib/112935407101765286417?hl=id,https://lh3.googleusercontent.com/a-/ALV-UjXBJ58rluulVqjDumTXc_G2kC1iR-crwwQgNJq5IgMUzQrxkGHU=s120-c-rp-mo-ba2-br100,5.0,5 bulan lalu,"Good charging spot for ev

Available 1 slot ccs2 25kwh","['https://lh5.googleusercontent.com/p/AF1QipOOfFkZdp7pyr1-pG31ta8rB7T_bARtj4dXsK4=w150-h150-k-no-p', 'https://lh5.googleusercontent.com/p/AF1QipPaVyCt0-dtC2ASGmkQxd0U-SvUgQUGHHFsw2g=w150-h150-k-no-p', 'https://lh5.googleusercontent.com/p/AF1QipOC_HusBFXNzounbgc07xoeiHTGRho6f6XKr5g=w150-h150-k-no-p']",True,netral
16,Zakaria Zamrudioko,https://www.google.com/maps/contrib/116645264372050806800?hl=id,https://lh3.googleusercontent.com/a-/ALV-UjVv_M2raJuxaxHqpFhRokJL-f84-DDinD2nw4P-GXrFuVE-GLPxIQ=s120-c-rp-mo-ba6-br100,4.0,6 tahun lalu,"Nice campus.. many laboratory for practical works.. completed with minihydro plant, diesel plant, steam plant..","['https://lh5.googleusercontent.com/p/AF1QipOVvAhdRMiQytaj40BGPO7j9XiEQfZ7JYORqihC=w150-h150-k-no-p', 'https://lh5.googleusercontent.com/p/AF1QipN97ZXYX-QvQXU_gVWkHN54j6KAVTLqbDkgUCux=w150-h150-k-no-p', 'https://lh5.googleusercontent.com/p/AF1QipMecztSF0m-YgUwY1daWKEtLO_rEJ8i209DLs7k=w150-h150-k-no-p']",True,positif
16,Nanang Sadikin,https://www.google.com/maps/contrib/104755830432633819775?hl=id,https://lh3.googleusercontent.com/a/ACg8ocLyJN2TdQUR6j6OpblhNvRbR3Evcxh9NV2GH0kXrW4qfB1BRw=s120-c-rp-mo-ba6-br100,4.0,5 tahun lalu,"This campus has major in Computer Science, Civil, Electronic and Mechanical Engineering. Owned by Electricity Company Government of Indonesia, established in 1999 to provide skilled people in electricity area. This campus easy to reach using train from Rawa Buaya Station or Cengkareng if you use Trans Jakarta Bus. Student mostly from Java, but today also come from East Area In Indonesia. Even through building looks like old, but it has great Lecturers to teach students in its fields.",[],True,positif
16,Bambang Setyawan,https://www.google.com/maps/contrib/111442990575429331910?hl=id,https://lh3.googleusercontent.com/a-/ALV-UjX-imvy1Uorl0a93OlChzFoLdR038eosGzdP1s9aJO_gAeMtYU=s120-c-rp-mo-ba3-br100,5.0,7 tahun lalu,one of contributions from electric power company to prepare Indonesia youth as experts in electricity.,['https://lh5.googleusercontent.com/p/AF1QipPHVkAm1o7PbOfRng0qaiYHDIrvPKxQnHjbXOA=w150-h150-k-no-p'],True,positif
16,Seza Abelia Putri,https://www.google.com/maps/contrib/107886358196478244284?hl=id,https://lh3.googleusercontent.com/a-/ALV-UjUt03jYX4XEJ1ljJC4oTYBwc8AIF1uh37DZUbdbabG8JOA1nlUbpQ=s120-c-rp-mo-ba4-br100,5.0,7 tahun lalu,"even it looks like 'Teh Koyak' from any angle of view, but you'll experience really amazing years of college here (like eating Namo2 candy mixed with camphor while drinking poisonous Goofday coffe with cianide *jk.), trust me! They have great lecturers who will make you tough enough to face a real life.",[],True,positif
16,Achmad Nawawi,https://www.google.com/maps/contrib/113400332785338764961?hl=id,https://lh3.googleusercontent.com/a/ACg8ocKFD6ciaAjz3Vso205jgl69dc-_EttauojWC7rfj2YUY-C8vQ=s120-c-rp-mo-ba2-br100,5.0,5 bulan lalu,Okkkkkkkkkk,[],True,netral
16,Hartono Rudi,https://www.google.com/maps/contrib/116480568241777843146?hl=id,https://lh3.googleusercontent.com/a-/ALV-UjVuqbw-zA29JZVwNEGmwW-kOiuDH6H9O1kMIpQTEHgY_hVQD4mhiA=s120-c-rp-mo-ba5-br100,5.0,4 bulan lalu,The best,['https://lh5.googleusercontent.com/p/AF1QipPrIfAk2tv77hvVoFUS_CVPgsk-ht2zAQ17H4nt=w150-h150-k-no-p'],True,positif
16,M Hendri,https://www.google.com/maps/contrib/115962901596305724937?hl=id,https://lh3.googleusercontent.com/a-/ALV-UjU88JWvlDf3z6Jj92NPX2mjC89Zg-NZPgrpgrfif9xOuM5M4Nn9=s120-c-rp-mo-ba6-br100,5.0,6 tahun lalu,"A good Campus. Look small from the outside, but don't jugde that from the size. You can get a good lectures in here.",[],True,positif
16,Aco Febrianto,https://www.google.com/maps/contrib/102522290878430935492?hl=id,https://lh3.googleusercontent.com/a-/ALV-UjWAPy9bpUz0PyoIeEyAHnhFXvXhWvebj-IM0hSaBWcTil4ky48H=s120-c-rp-mo-br100,5.0,2 tahun lalu,It's great places for study we have a lot of experience with high tecnology from PLN üëç,[],True,positif
17,Lili Rasyidi,https://www.google.com/maps/contrib/105071553913756612969?hl=id,https://lh3.googleusercontent.com/a/ACg8ocINpoGqjJASpd2a6F4FCndRHGdmmHGDSRh_ZpNkTdu-saI_Iw=s120-c-rp-mo-br100,5.0,2 tahun lalu,"Nice place, nice campuss, get ready for the next level of energy era..",[],True,positif
17,Vito Dery Alvi Silalahi,https://www.google.com/maps/contrib/113297725690623367106?hl=id,https://lh3.googleusercontent.com/a-/ALV-UjVxdon0tgBX_P-iBYzOw10VHvElro55DRNmNGDXzdeWjHnk8VRc=s120-c-rp-mo-ba4-br100,5.0,3 tahun lalu,"kampus terbaik, dekat PT Dwiandra Cipta Anugerah Elevator Services",[],True,positif
17,Satrio Yudho,https://www.google.com/maps/contrib/107185610938626690029?hl=id,https://lh3.googleusercontent.com/a-/ALV-UjVPAPbWPV1dQjW4NXcuVonM1PT-MR0Gr7cmicbrjhG7Oxx9H-Oq=s120-c-rp-mo-ba5-br100,3.0,2 tahun lalu,"Place to be more productive ,creative and innovative, i hope",[],True,positif
17,Nur Isra',https://www.google.com/maps/contrib/114724092356675328711?hl=id,https://lh3.googleusercontent.com/a-/ALV-UjUA0lG6XBCvFg4X-r7j1hPmu6uJ89ib8pk9ZhEfrb-aphCBa1dS=s120-c-rp-mo-ba3-br100,5.0,5 tahun lalu,,['https://lh5.googleusercontent.com/p/AF1QipMtF29kUl9Jbte32B1LWawvKGSbl58xaBA3HigE=w150-h150-k-no-p'],True,
17,hokage minato,https://www.google.com/maps/contrib/107402518354188133510?hl=id,https://lh3.googleusercontent.com/a-/ALV-UjX2eMYskWagJBFIEnWljE8c257dsvemyUKajMUKWYhNvLR2-yU=s120-c-rp-mo-br100,5.0,9 tahun lalu,Lantai 8 tempat paling sejuk,[],True,positif
17,Aa' Barbershop Channel,https://www.google.com/maps/contrib/112205132691593693780?hl=id,https://lh3.googleusercontent.com/a-/ALV-UjWyynYAxgzf1aR2xIjgmTmg7PahmGPxmcOuhCeBYXfO1Dfw1xg=s120-c-rp-mo-br100,5.0,setahun lalu,The best,[],True,positif
17,iwan setiawan,https://www.google.com/maps/contrib/104527986519648271689?hl=id,https://lh3.googleusercontent.com/a-/ALV-UjV-OPgIImlWaxQ6hV_CPHPVXke87wLmGx5OcDDBnwxJPQLhUBz32Q=s120-c-rp-mo-ba5-br100,5.0,2 tahun lalu,good campus to study,[],True,positif
17,Daffa Fauzan,https://www.google.com/maps/contrib/104374186552280317362?hl=id,https://lh3.googleusercontent.com/a-/ALV-UjWgspFf_EgVHD7L61-6ASd_rmXDec69iHv_ev0G4XIYDihb_1Eb=s120-c-rp-mo-ba3-br100,4.0,5 tahun lalu,,['https://lh5.googleusercontent.com/p/AF1QipN5VqMMITN4WFTnFnNqMCpR5s8gfVOJv25tiVGG=w150-h150-k-no-p'],True,
17,Daud 24,https://www.google.com/maps/contrib/102098552551315391936?hl=id,https://lh3.googleusercontent.com/a-/ALV-UjV92GJK4qxvO8V7eFKRYtJAanjTVovB3aelnyP5vjNno8p1wkmExQ=s120-c-rp-mo-br100,5.0,4 tahun lalu,,['https://lh5.googleusercontent.com/p/AF1QipMwLKsT2-busXqEKq2s6LCbLIQvjyHFeAVYpn99=w150-h150-k-no-p'],True,
17,Johan Rivaldo Tambun,https://www.google.com/maps/contrib/112582870415332640080?hl=id,https://lh3.googleusercontent.com/a/ACg8ocKW8iNyd48I6jhdzmYDCg6Q2rE17d78NXVid0zTOqYZu5H_Sw=s120-c-rp-mo-ba2-br100,5.0,2 tahun lalu,Good College and Placeüëç,[],True,positif
18,Rachmat D,https://www.google.com/maps/contrib/100430280821853247134?hl=id,https://lh3.googleusercontent.com/a/ACg8ocKKKhsmF7GkqaXQg4ZPbXPr2L6IjJxTa4yL603wB_8c5QccQg=s120-c-rp-mo-ba2-br100,5.0,3 tahun lalu,Its a nice place for study,[],True,positif
18,husin ziad,https://www.google.com/maps/contrib/100074862172737180629?hl=id,https://lh3.googleusercontent.com/a/ACg8ocJXZVhqnIDwAhoiuHbQPrH-VQEYIaApl74abueKedopH2IjSQ=s120-c-rp-mo-ba4-br100,5.0,7 tahun lalu,Technical collage on west jakarta,[],True,netral
18,Ilham Muzakki,https://www.google.com/maps/contrib/118028943596645479252?hl=id,https://lh3.googleusercontent.com/a/ACg8ocIMFijRhE5QkcsXDrPn_ruFUmr14bW8CNWv1uvNDerm6yAx3czB=s120-c-rp-mo-ba4-br100,5.0,6 tahun lalu,You can do everything here,[],True,positif
18,Redi Setiadi,https://www.google.com/maps/contrib/114638801488594880713?hl=id,https://lh3.googleusercontent.com/a/ACg8ocJaYTR6k7Qr5Za32F-1VE3m4pwgyzgfF1ieyFr2zjafQ0_ieg=s120-c-rp-mo-ba3-br100,5.0,4 tahun lalu,I spent 4 years in this place,[],True,netral
18,Acul El Bahri,https://www.google.com/maps/contrib/102702763007715601655?hl=id,https://lh3.googleusercontent.com/a-/ALV-UjXCyMeenDi9dMVFFOXZUkj0OLgSJIbSVVZo6LUFx_HGgQxTun6A=s120-c-rp-mo-ba6-br100,5.0,2 tahun lalu,Muantabss,[],True,positif
18,Adhy Purnama,https://www.google.com/maps/contrib/115959562152720729042?hl=id,https://lh3.googleusercontent.com/a/ACg8ocJSBPEni5E5QIpoJBP39-eWRfjjzmymRbCL6mcFfOPF-3zv-w=s120-c-rp-mo-ba4-br100,5.0,3 tahun lalu,Oo,[],True,netral
18,Dearman Hasiholan Saragih,https://www.google.com/maps/contrib/105262872402932430791?hl=id,https://lh3.googleusercontent.com/a-/ALV-UjVKLxqPqXzr7_ju5uLQcnGXYBpT3IleQ793a-Q9Es3JpbZ7h-bo=s120-c-rp-mo-br100,5.0,4 tahun lalu,The Best,[],False,positif
18,Thomas Lainsamputty,https://www.google.com/maps/contrib/108775465280790976918?hl=id,https://lh3.googleusercontent.com/a-/ALV-UjV39IvCrgP9D5C7dS0Efkjb6XhjtQog0jvT4klVpoPB276p22Hj=s120-c-rp-mo-ba5-br100,4.0,3 tahun lalu,Mantaap,[],True,positif
18,Muhammad Fathurraman,https://www.google.com/maps/contrib/117640412918973035415?hl=id,https://lh3.googleusercontent.com/a-/ALV-UjVftNIBupvygYvHu48hg-ozj9n6tLstXYKdKWALXqH5rIYWz3Q=s120-c-rp-mo-ba3-br100,4.0,7 tahun lalu,Wonderful place in the night,[],True,positif
18,Gilang NP Abimanyu,https://www.google.com/maps/contrib/117337933708375784650?hl=id,https://lh3.googleusercontent.com/a-/ALV-UjUZPlYv_yIsnFqPzLy7sJ5zgSb3R6uuX_UyYDBzkAb5a8waBen-=s120-c-rp-mo-br100,5.0,2 tahun lalu,Nice,[],False,positif
19,Alexander Zulqarnain,https://www.google.com/maps/contrib/107705922459513778356?hl=id,https://lh3.googleusercontent.com/a-/ALV-UjUy1blXsSUQn0_0_OlsshisQkAaavCvPThXrk6aTBim_ioyARo1jQ=s120-c-rp-mo-br100,5.0,7 tahun lalu,Ntaps,[],True,positif
19,Sutiono Lee,https://www.google.com/maps/contrib/112713188204170766349?hl=id,https://lh3.googleusercontent.com/a-/ALV-UjVaTluv9Hu8f9FOjIu1526w4SEsl3ZRDk0HmXCEGDbPvciclhVL0w=s120-c-rp-mo-ba7-br100,2.0,5 tahun lalu,Ok,[],True,netral
19,Kim Rizqon,https://www.google.com/maps/contrib/113341210821035939188?hl=id,https://lh3.googleusercontent.com/a-/ALV-UjViWG_7KXSwrEm2k94Uzgi3rL6ERLWjVwiRdwpqFxMh9SvU7SEXSw=s120-c-rp-mo-ba4-br100,5.0,8 tahun lalu,I Hope I can here,[],True,netral
19,Putra S.T,https://www.google.com/maps/contrib/109375380250083951077?hl=id,https://lh3.googleusercontent.com/a-/ALV-UjV_f-LigUeto3cQ7PNl7FeGDRcByPTt9lO6V0qkUaUkyGd-wQc=s120-c-rp-mo-ba2-br100,3.0,5 tahun lalu,Good,['https://lh5.googleusercontent.com/p/AF1QipPPQLqiTFxfSAwKd-BRQd1Tggs9xKWitLQtymo=w150-h150-k-no-p'],True,positif
19,Phoey Smilodon,https://www.google.com/maps/contrib/100745980219252022680?hl=id,https://lh3.googleusercontent.com/a-/ALV-UjXbF3HPswKuyLj571iIya8B1L3DfDpKmLHdHRkE3MPVw5AHDmSL=s120-c-rp-mo-ba5-br100,5.0,2 tahun lalu,"Hm,,,,",[],True,netral
19,Friendy Aji Prastiyo,https://www.google.com/maps/contrib/110422272708284556086?hl=id,https://lh3.googleusercontent.com/a-/ALV-UjVU3sPLe7u0InKjHnna0mMEeeB6dYqwwdORDI7ANaG-gZ-LlUwg=s120-c-rp-mo-ba3-br100,1.0,9 tahun lalu,Worst,[],True,negatif
19,Wiwit Widya Pangestika,https://www.google.com/maps/contrib/108935812048647879816?hl=id,https://lh3.googleusercontent.com/a-/ALV-UjUO90Q3421tsQw0svurQN_gmAGQnXfg-TpAEvegzRUusybvxEio=s120-c-rp-mo-br100,5.0,8 tahun lalu,Yeah,[],True,netral
19,hadi. saputra,https://www.google.com/maps/contrib/101890586174867347018?hl=id,https://lh3.googleusercontent.com/a-/ALV-UjW_sUygUuTIGJDl_FBxIYxiJyXbO9abjW7MjKKteqe94EgWMDWY=s120-c-rp-mo-ba2-br100,4.0,8 tahun lalu,See u STTPLN,[],True,netral
19,jefriadi siregar,https://www.google.com/maps/contrib/110943475487716519394?hl=id,https://lh3.googleusercontent.com/a-/ALV-UjVD9wcj-QCg2ez28j3yH9Ia8Tx_7hH5aobnqnNyPNK3661L5TsR=s120-c-rp-mo-br100,5.0,9 tahun lalu,Elektrooo....,[],False,netral
19,Sulasmi 03091974,https://www.google.com/maps/contrib/100779756483399665716?hl=id,https://lh3.googleusercontent.com/a-/ALV-UjVFJ1UGnPHZEpbW55hGwbvVQXie8RTbvu2ZrOOar-TOp8aECO6X=s120-c-rp-mo-br100,5.0,9 tahun lalu,,[],True,
